# MySQL-Front 3.2  (Build 10.15)

/*!40101 SET @OLD_CHARACTER_SET_CLIENT=@@CHARACTER_SET_CLIENT */;
/*!40101 SET @OLD_CHARACTER_SET_RESULTS=@@CHARACTER_SET_RESULTS */;
/*!40101 SET @OLD_COLLATION_CONNECTION=@@COLLATION_CONNECTION */;
/*!40103 SET @OLD_TIME_ZONE=@@TIME_ZONE */;
/*!40101 SET @OLD_SQL_MODE=@@SQL_MODE */;
/*!40111 SET @OLD_SQL_NOTES=@@SQL_NOTES */;

/*!40101 SET NAMES utf8 */;
/*!40103 SET TIME_ZONE='SYSTEM' */;

DROP DATABASE IF EXISTS `test`;
CREATE DATABASE `test` /*!40100 DEFAULT CHARACTER SET utf8 */;
USE `test`;
CREATE TABLE `bt_events` (
  `ID` int(11) NOT NULL auto_increment,
  `EVENTID` char(20) NOT NULL,
  `PARAMS` char(255) default NULL,
  `CREATETIME` timestamp NULL default CURRENT_TIMESTAMP,
  `RECTIME` timestamp NULL default NULL,
  `NODEMAPID` char(5) NOT NULL,
  `WEIGHT` int(11) default NULL,
  `DESCRIPTION` char(255) default NULL,
  PRIMARY KEY  (`ID`),
  UNIQUE KEY `Index_BT_EVENTS` (`EVENTID`)
) ENGINE=InnoDB DEFAULT CHARSET=utf8;

INSERT INTO `bt_events` VALUES (1,'0000000001',NULL,'2008-12-19 20:14:44','2008-12-26 13:44:49','00005',1,NULL);
INSERT INTO `bt_events` VALUES (2,'0000000002',NULL,'2008-12-20 14:56:48','2008-12-26 13:44:49','00006',1,NULL);
INSERT INTO `bt_events` VALUES (3,'test0000001','','2008-12-22 15:59:25','2008-12-26 13:44:49','00001',1,'');
INSERT INTO `bt_events` VALUES (5,'test00002','','2008-12-22 16:10:40','2008-12-26 13:44:49','00003',1,'');
INSERT INTO `bt_events` VALUES (8,'test00005','','2008-12-23 14:35:28','2008-12-26 13:44:49','00005',1,'');

CREATE TABLE `bt_eventsrunlog` (
  `EVENTID` char(20) NOT NULL,
  `NODEMAPID` char(5) NOT NULL,
  `STARTTIME` timestamp NOT NULL default CURRENT_TIMESTAMP,
  `COMPLETETIME` timestamp NULL default NULL,
  `EXCEPTION` text,
  `ERRORSTEP` char(20) default NULL,
  PRIMARY KEY  (`EVENTID`)
) ENGINE=InnoDB DEFAULT CHARSET=utf8;

INSERT INTO `bt_eventsrunlog` VALUES ('0000000001','00005','2008-12-26 13:44:49','2008-12-26 13:49:13',NULL,NULL);
INSERT INTO `bt_eventsrunlog` VALUES ('0000000002','00006','2008-12-26 13:44:49','2008-12-26 13:45:37',NULL,NULL);
INSERT INTO `bt_eventsrunlog` VALUES ('00001','00001','2009-01-13 16:10:31','2009-01-13 16:11:16',NULL,NULL);
INSERT INTO `bt_eventsrunlog` VALUES ('test0000001','00001','2008-12-26 13:44:49','2008-12-26 13:46:23',NULL,NULL);
INSERT INTO `bt_eventsrunlog` VALUES ('test00002','00003','2008-12-26 13:44:50','2008-12-26 13:47:36',NULL,NULL);
INSERT INTO `bt_eventsrunlog` VALUES ('test00005','00005','2008-12-26 13:44:50','2008-12-26 13:49:28',NULL,NULL);

CREATE TABLE `bt_finynoderela` (
  `NODEMAPID` char(5) NOT NULL,
  `ORDERCODE` int(11) NOT NULL,
  `NODEID` char(5) NOT NULL,
  `DESCRIPTION` char(255) default NULL,
  PRIMARY KEY  (`NODEMAPID`,`ORDERCODE`)
) ENGINE=InnoDB DEFAULT CHARSET=utf8;

INSERT INTO `bt_finynoderela` VALUES ('00003',1,'00001',NULL);
INSERT INTO `bt_finynoderela` VALUES ('00003',2,'1','fff');
INSERT INTO `bt_finynoderela` VALUES ('00005',1,'00001',NULL);
INSERT INTO `bt_finynoderela` VALUES ('00005',2,'00001',NULL);
INSERT INTO `bt_finynoderela` VALUES ('00006',1,'00001',NULL);

CREATE TABLE `bt_layernodemaprela` (
  `RELAID` char(5) NOT NULL,
  `NODEMAPID` char(5) NOT NULL,
  `ORDERCODE` int(11) NOT NULL,
  `NODEID` char(5) NOT NULL,
  `DESCRIPTION` char(255) default NULL,
  PRIMARY KEY  (`RELAID`)
) ENGINE=InnoDB DEFAULT CHARSET=utf8;

INSERT INTO `bt_layernodemaprela` VALUES ('00001','00006',1,'00002',NULL);
INSERT INTO `bt_layernodemaprela` VALUES ('00002','00006',1,'00001',NULL);

CREATE TABLE `bt_nodemap` (
  `NODEMAPID` char(5) NOT NULL,
  `PARAMS` char(255) default NULL,
  `DESCRIPTION` char(255) default NULL,
  `TYPE` int(1) NOT NULL default '0',
  `NAME` char(50) default NULL,
  PRIMARY KEY  (`NODEMAPID`)
) ENGINE=InnoDB DEFAULT CHARSET=utf8;

INSERT INTO `bt_nodemap` VALUES ('00001',NULL,NULL,0,'test Map1');
INSERT INTO `bt_nodemap` VALUES ('00002',NULL,NULL,0,'test Map2');
INSERT INTO `bt_nodemap` VALUES ('00003',NULL,NULL,0,'test Map3');
INSERT INTO `bt_nodemap` VALUES ('00004',NULL,NULL,0,'test Map4');
INSERT INTO `bt_nodemap` VALUES ('00005',NULL,NULL,0,'test Map5');
INSERT INTO `bt_nodemap` VALUES ('00006',NULL,NULL,1,'test Map6');

CREATE TABLE `bt_nodes` (
  `NODEID` char(5) NOT NULL,
  `NAME` char(200) NOT NULL,
  `PARAMS` char(255) default NULL,
  `DESCRIPTION` char(255) default NULL,
  `WEIGHT` int(11) NOT NULL default '1',
  `RERUN` int(11) NOT NULL default '0',
  `ALIAS` char(50) default NULL,
  PRIMARY KEY  (`NODEID`)
) ENGINE=InnoDB DEFAULT CHARSET=utf8;

INSERT INTO `bt_nodes` VALUES ('00001','test1',NULL,NULL,1,0,'test Node1');
INSERT INTO `bt_nodes` VALUES ('00002','test2',NULL,NULL,1,0,'test Node2');
INSERT INTO `bt_nodes` VALUES ('0003','test3',NULL,'',1,1,'test3');

CREATE TABLE `bt_nodesrunlog` (
  `EVENTID` char(20) NOT NULL,
  `RELAID` char(200) NOT NULL,
  `NODEMAPID` char(5) NOT NULL,
  `NODEID` char(5) NOT NULL,
  `STARTTIME` timestamp NULL default CURRENT_TIMESTAMP,
  `COMPLETETIME` timestamp NULL default NULL,
  `EXCEPTION` text,
  PRIMARY KEY  (`EVENTID`,`RELAID`)
) ENGINE=InnoDB DEFAULT CHARSET=utf8;

INSERT INTO `bt_nodesrunlog` VALUES ('0000000001','00025','00005','00001','2008-12-26 13:44:50','2008-12-26 13:45:37',NULL);
INSERT INTO `bt_nodesrunlog` VALUES ('0000000001','0002600001','00001','00001','2008-12-26 13:44:50','2008-12-26 13:45:37',NULL);
INSERT INTO `bt_nodesrunlog` VALUES ('0000000001','0002600002','00001','00002','2008-12-26 13:45:37','2008-12-26 13:45:43',NULL);
INSERT INTO `bt_nodesrunlog` VALUES ('0000000001','0002600003','00001','00001','2008-12-26 13:45:37','2008-12-26 13:46:01',NULL);
INSERT INTO `bt_nodesrunlog` VALUES ('0000000001','0002600004','00001','00002','2008-12-26 13:46:01','2008-12-26 13:46:22',NULL);
INSERT INTO `bt_nodesrunlog` VALUES ('0000000001','0002700001','00001','00001','2008-12-26 13:44:50','2008-12-26 13:45:37',NULL);
INSERT INTO `bt_nodesrunlog` VALUES ('0000000001','0002700002','00001','00002','2008-12-26 13:45:37','2008-12-26 13:46:01',NULL);
INSERT INTO `bt_nodesrunlog` VALUES ('0000000001','0002700003','00001','00001','2008-12-26 13:45:37','2008-12-26 13:46:19',NULL);
INSERT INTO `bt_nodesrunlog` VALUES ('0000000001','0002700004','00001','00002','2008-12-26 13:46:19','2008-12-26 13:46:25',NULL);
INSERT INTO `bt_nodesrunlog` VALUES ('0000000001','00028','00005','00001','2008-12-26 13:46:25','2008-12-26 13:46:46',NULL);
INSERT INTO `bt_nodesrunlog` VALUES ('0000000001','0002900022','00004','00002','2008-12-26 13:46:46','2008-12-26 13:46:49',NULL);
INSERT INTO `bt_nodesrunlog` VALUES ('0000000001','000290002300013','00003','00002','2008-12-26 13:46:49','2008-12-26 13:46:53',NULL);
INSERT INTO `bt_nodesrunlog` VALUES ('0000000001','000290002300014','00003','00001','2008-12-26 13:46:53','2008-12-26 13:47:14',NULL);
INSERT INTO `bt_nodesrunlog` VALUES ('0000000001','000290002300015','00003','00002','2008-12-26 13:46:53','2008-12-26 13:46:57',NULL);
INSERT INTO `bt_nodesrunlog` VALUES ('0000000001','000290002300016','00003','00001','2008-12-26 13:46:53','2008-12-26 13:47:15',NULL);
INSERT INTO `bt_nodesrunlog` VALUES ('0000000001','00029000230001700001','00001','00001','2008-12-26 13:47:14','2008-12-26 13:47:36',NULL);
INSERT INTO `bt_nodesrunlog` VALUES ('0000000001','00029000230001700002','00001','00002','2008-12-26 13:47:36','2008-12-26 13:47:39',NULL);
INSERT INTO `bt_nodesrunlog` VALUES ('0000000001','00029000230001700003','00001','00001','2008-12-26 13:47:36','2008-12-26 13:47:57',NULL);
INSERT INTO `bt_nodesrunlog` VALUES ('0000000001','00029000230001700004','00001','00002','2008-12-26 13:47:57','2008-12-26 13:48:02',NULL);
INSERT INTO `bt_nodesrunlog` VALUES ('0000000001','00029000230001800005','00002','00001','2008-12-26 13:47:15','2008-12-26 13:47:36',NULL);
INSERT INTO `bt_nodesrunlog` VALUES ('0000000001','00029000230001800006','00002','00001','2008-12-26 13:47:15','2008-12-26 13:47:36',NULL);
INSERT INTO `bt_nodesrunlog` VALUES ('0000000001','00029000230001800007','00002','00002','2008-12-26 13:47:36','2008-12-26 13:47:39',NULL);
INSERT INTO `bt_nodesrunlog` VALUES ('0000000001','00029000230001800008','00002','00001','2008-12-26 13:47:36','2008-12-26 13:47:59',NULL);
INSERT INTO `bt_nodesrunlog` VALUES ('0000000001','00029000230001800009','00002','00002','2008-12-26 13:47:36','2008-12-26 13:47:42',NULL);
INSERT INTO `bt_nodesrunlog` VALUES ('0000000001','00029000230001800010','00002','00001','2008-12-26 13:47:36','2008-12-26 13:48:01',NULL);
INSERT INTO `bt_nodesrunlog` VALUES ('0000000001','00029000230001800011','00002','00002','2008-12-26 13:47:42','2008-12-26 13:47:48',NULL);
INSERT INTO `bt_nodesrunlog` VALUES ('0000000001','00029000230001800012','00002','00001','2008-12-26 13:48:01','2008-12-26 13:48:22',NULL);
INSERT INTO `bt_nodesrunlog` VALUES ('0000000001','000290002300019','00003','00002','2008-12-26 13:48:02','2008-12-26 13:48:05',NULL);
INSERT INTO `bt_nodesrunlog` VALUES ('0000000001','000290002300020','00003','00001','2008-12-26 13:48:02','2008-12-26 13:48:24',NULL);
INSERT INTO `bt_nodesrunlog` VALUES ('0000000001','000290002300021','00003','00002','2008-12-26 13:48:24','2008-12-26 13:48:27',NULL);
INSERT INTO `bt_nodesrunlog` VALUES ('0000000001','0002900024','00004','00002','2008-12-26 13:48:27','2008-12-26 13:48:30',NULL);
INSERT INTO `bt_nodesrunlog` VALUES ('0000000001','FINALLY1','00005','00001','2008-12-26 13:48:30','2008-12-26 13:48:52',NULL);
INSERT INTO `bt_nodesrunlog` VALUES ('0000000001','FINALLY2','00005','00001','2008-12-26 13:48:52','2008-12-26 13:49:13',NULL);
INSERT INTO `bt_nodesrunlog` VALUES ('0000000002','FINALLY1','00006','00001','2008-12-26 13:44:50','2008-12-26 13:45:37',NULL);
INSERT INTO `bt_nodesrunlog` VALUES ('00001','00001','00001','00001','2009-01-13 16:10:31','2009-01-13 16:10:52',NULL);
INSERT INTO `bt_nodesrunlog` VALUES ('00001','00002','00001','00002','2009-01-13 16:10:52','2009-01-13 16:10:55',NULL);
INSERT INTO `bt_nodesrunlog` VALUES ('00001','00003','00001','00001','2009-01-13 16:10:52','2009-01-13 16:11:13',NULL);
INSERT INTO `bt_nodesrunlog` VALUES ('00001','00004','00001','00002','2009-01-13 16:11:13','2009-01-13 16:11:16',NULL);
INSERT INTO `bt_nodesrunlog` VALUES ('test0000001','00001','00001','00001','2008-12-26 13:44:50','2008-12-26 13:45:37',NULL);
INSERT INTO `bt_nodesrunlog` VALUES ('test0000001','00002','00001','00002','2008-12-26 13:45:37','2008-12-26 13:45:46',NULL);
INSERT INTO `bt_nodesrunlog` VALUES ('test0000001','00003','00001','00001','2008-12-26 13:45:37','2008-12-26 13:46:07',NULL);
INSERT INTO `bt_nodesrunlog` VALUES ('test0000001','00004','00001','00002','2008-12-26 13:46:07','2008-12-26 13:46:23',NULL);
INSERT INTO `bt_nodesrunlog` VALUES ('test00002','00013','00003','00002','2008-12-26 13:44:50','2008-12-26 13:45:19',NULL);
INSERT INTO `bt_nodesrunlog` VALUES ('test00002','00014','00003','00001','2008-12-26 13:45:19','2008-12-26 13:45:58',NULL);
INSERT INTO `bt_nodesrunlog` VALUES ('test00002','00015','00003','00002','2008-12-26 13:45:19','2008-12-26 13:45:40',NULL);
INSERT INTO `bt_nodesrunlog` VALUES ('test00002','00016','00003','00001','2008-12-26 13:45:19','2008-12-26 13:45:59',NULL);
INSERT INTO `bt_nodesrunlog` VALUES ('test00002','0001700001','00001','00001','2008-12-26 13:45:58','2008-12-26 13:46:22',NULL);
INSERT INTO `bt_nodesrunlog` VALUES ('test00002','0001700002','00001','00002','2008-12-26 13:46:22','2008-12-26 13:46:26',NULL);
INSERT INTO `bt_nodesrunlog` VALUES ('test00002','0001700003','00001','00001','2008-12-26 13:46:22','2008-12-26 13:46:44',NULL);
INSERT INTO `bt_nodesrunlog` VALUES ('test00002','0001700004','00001','00002','2008-12-26 13:46:44','2008-12-26 13:46:47',NULL);
INSERT INTO `bt_nodesrunlog` VALUES ('test00002','0001800005','00002','00001','2008-12-26 13:45:59','2008-12-26 13:46:26',NULL);
INSERT INTO `bt_nodesrunlog` VALUES ('test00002','0001800006','00002','00001','2008-12-26 13:45:59','2008-12-26 13:46:29',NULL);
INSERT INTO `bt_nodesrunlog` VALUES ('test00002','0001800007','00002','00002','2008-12-26 13:46:26','2008-12-26 13:46:29',NULL);
INSERT INTO `bt_nodesrunlog` VALUES ('test00002','0001800008','00002','00001','2008-12-26 13:46:26','2008-12-26 13:46:47',NULL);
INSERT INTO `bt_nodesrunlog` VALUES ('test00002','0001800009','00002','00002','2008-12-26 13:46:29','2008-12-26 13:46:32',NULL);
INSERT INTO `bt_nodesrunlog` VALUES ('test00002','0001800010','00002','00001','2008-12-26 13:46:29','2008-12-26 13:46:50',NULL);
INSERT INTO `bt_nodesrunlog` VALUES ('test00002','0001800011','00002','00002','2008-12-26 13:46:32','2008-12-26 13:46:35',NULL);
INSERT INTO `bt_nodesrunlog` VALUES ('test00002','0001800012','00002','00001','2008-12-26 13:46:50','2008-12-26 13:47:11',NULL);
INSERT INTO `bt_nodesrunlog` VALUES ('test00002','00019','00003','00002','2008-12-26 13:46:47','2008-12-26 13:46:50',NULL);
INSERT INTO `bt_nodesrunlog` VALUES ('test00002','00020','00003','00001','2008-12-26 13:46:47','2008-12-26 13:47:08',NULL);
INSERT INTO `bt_nodesrunlog` VALUES ('test00002','00021','00003','00002','2008-12-26 13:47:11','2008-12-26 13:47:14',NULL);
INSERT INTO `bt_nodesrunlog` VALUES ('test00002','FINALLY1','00003','00001','2008-12-26 13:47:15','2008-12-26 13:47:36',NULL);
INSERT INTO `bt_nodesrunlog` VALUES ('test00005','00025','00005','00001','2008-12-26 13:44:50','2008-12-26 13:45:40',NULL);
INSERT INTO `bt_nodesrunlog` VALUES ('test00005','0002600001','00001','00001','2008-12-26 13:44:50','2008-12-26 13:45:58',NULL);
INSERT INTO `bt_nodesrunlog` VALUES ('test00005','0002600002','00001','00002','2008-12-26 13:45:58','2008-12-26 13:46:04',NULL);
INSERT INTO `bt_nodesrunlog` VALUES ('test00005','0002600003','00001','00001','2008-12-26 13:45:58','2008-12-26 13:46:23',NULL);
INSERT INTO `bt_nodesrunlog` VALUES ('test00005','0002600004','00001','00002','2008-12-26 13:46:23','2008-12-26 13:46:28',NULL);
INSERT INTO `bt_nodesrunlog` VALUES ('test00005','0002700001','00001','00001','2008-12-26 13:44:50','2008-12-26 13:45:58',NULL);
INSERT INTO `bt_nodesrunlog` VALUES ('test00005','0002700002','00001','00002','2008-12-26 13:45:58','2008-12-26 13:46:02',NULL);
INSERT INTO `bt_nodesrunlog` VALUES ('test00005','0002700003','00001','00001','2008-12-26 13:45:58','2008-12-26 13:46:20',NULL);
INSERT INTO `bt_nodesrunlog` VALUES ('test00005','0002700004','00001','00002','2008-12-26 13:46:20','2008-12-26 13:46:25',NULL);
INSERT INTO `bt_nodesrunlog` VALUES ('test00005','00028','00005','00001','2008-12-26 13:46:28','2008-12-26 13:46:49',NULL);
INSERT INTO `bt_nodesrunlog` VALUES ('test00005','0002900022','00004','00002','2008-12-26 13:46:49','2008-12-26 13:46:53',NULL);
INSERT INTO `bt_nodesrunlog` VALUES ('test00005','000290002300013','00003','00002','2008-12-26 13:46:53','2008-12-26 13:46:56',NULL);
INSERT INTO `bt_nodesrunlog` VALUES ('test00005','000290002300014','00003','00001','2008-12-26 13:46:56','2008-12-26 13:47:17',NULL);
INSERT INTO `bt_nodesrunlog` VALUES ('test00005','000290002300015','00003','00002','2008-12-26 13:46:56','2008-12-26 13:47:00',NULL);
INSERT INTO `bt_nodesrunlog` VALUES ('test00005','000290002300016','00003','00001','2008-12-26 13:46:56','2008-12-26 13:47:21',NULL);
INSERT INTO `bt_nodesrunlog` VALUES ('test00005','00029000230001700001','00001','00001','2008-12-26 13:47:17','2008-12-26 13:47:38',NULL);
INSERT INTO `bt_nodesrunlog` VALUES ('test00005','00029000230001700002','00001','00002','2008-12-26 13:47:38','2008-12-26 13:47:45',NULL);
INSERT INTO `bt_nodesrunlog` VALUES ('test00005','00029000230001700003','00001','00001','2008-12-26 13:47:38','2008-12-26 13:48:03',NULL);
INSERT INTO `bt_nodesrunlog` VALUES ('test00005','00029000230001700004','00001','00002','2008-12-26 13:48:03','2008-12-26 13:48:06',NULL);
INSERT INTO `bt_nodesrunlog` VALUES ('test00005','00029000230001800005','00002','00001','2008-12-26 13:47:21','2008-12-26 13:47:42',NULL);
INSERT INTO `bt_nodesrunlog` VALUES ('test00005','00029000230001800006','00002','00001','2008-12-26 13:47:21','2008-12-26 13:47:57',NULL);
INSERT INTO `bt_nodesrunlog` VALUES ('test00005','00029000230001800007','00002','00002','2008-12-26 13:47:43','2008-12-26 13:47:51',NULL);
INSERT INTO `bt_nodesrunlog` VALUES ('test00005','00029000230001800008','00002','00001','2008-12-26 13:47:43','2008-12-26 13:48:12',NULL);
INSERT INTO `bt_nodesrunlog` VALUES ('test00005','00029000230001800009','00002','00002','2008-12-26 13:47:57','2008-12-26 13:48:00',NULL);
INSERT INTO `bt_nodesrunlog` VALUES ('test00005','00029000230001800010','00002','00001','2008-12-26 13:47:57','2008-12-26 13:48:18',NULL);
INSERT INTO `bt_nodesrunlog` VALUES ('test00005','00029000230001800011','00002','00002','2008-12-26 13:48:00','2008-12-26 13:48:03',NULL);
INSERT INTO `bt_nodesrunlog` VALUES ('test00005','00029000230001800012','00002','00001','2008-12-26 13:48:18','2008-12-26 13:48:40',NULL);
INSERT INTO `bt_nodesrunlog` VALUES ('test00005','000290002300019','00003','00002','2008-12-26 13:48:07','2008-12-26 13:48:10',NULL);
INSERT INTO `bt_nodesrunlog` VALUES ('test00005','000290002300020','00003','00001','2008-12-26 13:48:07','2008-12-26 13:48:28',NULL);
INSERT INTO `bt_nodesrunlog` VALUES ('test00005','000290002300021','00003','00002','2008-12-26 13:48:40','2008-12-26 13:48:43',NULL);
INSERT INTO `bt_nodesrunlog` VALUES ('test00005','0002900024','00004','00002','2008-12-26 13:48:43','2008-12-26 13:48:46',NULL);
INSERT INTO `bt_nodesrunlog` VALUES ('test00005','FINALLY1','00005','00001','2008-12-26 13:48:46','2008-12-26 13:49:07',NULL);
INSERT INTO `bt_nodesrunlog` VALUES ('test00005','FINALLY2','00005','00001','2008-12-26 13:49:07','2008-12-26 13:49:28',NULL);

CREATE TABLE `bt_taskinfos` (
  `ID` int(10) NOT NULL auto_increment,
  `UUID` char(40) NOT NULL,
  `CONTROLLERID` char(20) NOT NULL,
  `APPLICATIONID` char(20) NOT NULL,
  `EVENTID` char(20) NOT NULL,
  `NODEMAPID` char(5) NOT NULL,
  `RELAID` char(20) NOT NULL,
  `TASKID` char(5) NOT NULL,
  `NODEID` char(5) NOT NULL,
  `PARAMS` char(255) default NULL,
  `RECTIME` timestamp NOT NULL default CURRENT_TIMESTAMP,
  `STARTTIME` timestamp NULL default NULL,
  `REALSTARTTIME` timestamp NULL default NULL,
  `COMPLETETIME` timestamp NULL default NULL,
  `EXCEPTION` char(255) default NULL,
  PRIMARY KEY  (`ID`),
  UNIQUE KEY `Index_BT_TASKINFOS` (`EVENTID`,`RELAID`,`TASKID`),
  UNIQUE KEY `Index_BT_TASKINFOS_UUID` (`UUID`)
) ENGINE=InnoDB DEFAULT CHARSET=utf8;


CREATE TABLE `bt_tasks` (
  `ID` int(10) NOT NULL auto_increment,
  `UUID` char(40) NOT NULL,
  `CONTROLLERID` char(20) NOT NULL,
  `APPLICATIONID` char(20) NOT NULL,
  `EVENTID` char(20) NOT NULL,
  `NODEMAPID` char(5) NOT NULL,
  `RELAID` char(200) NOT NULL,
  `TASKID` char(5) NOT NULL,
  `NODEID` char(5) NOT NULL,
  `NAME` char(200) NOT NULL,
  `PARAMS` char(255) default NULL,
  `STARTTIME` timestamp NOT NULL default CURRENT_TIMESTAMP,
  `RECTIME` timestamp NULL default NULL,
  `WEIGHT` int(11) default NULL,
  `ALIAS` char(50) default NULL,
  PRIMARY KEY  (`ID`),
  UNIQUE KEY `Index_BT_TASKS` (`EVENTID`,`NODEMAPID`,`RELAID`,`TASKID`),
  UNIQUE KEY `Index_BTTASKS_UUID` (`UUID`)
) ENGINE=InnoDB DEFAULT CHARSET=utf8;


CREATE TABLE `bt_tasksrunlog` (
  `UUID` char(40) NOT NULL,
  `EVENTID` char(20) NOT NULL,
  `RELAID` char(200) NOT NULL,
  `TASKID` char(5) NOT NULL,
  `NODEMAPID` char(5) NOT NULL,
  `NODEID` char(5) NOT NULL,
  `STARTTIME` timestamp NULL default CURRENT_TIMESTAMP,
  `REALSTARTTIME` timestamp NULL default NULL,
  `COMPLETETIME` timestamp NULL default NULL,
  `TASKSERVER` char(50) NOT NULL,
  `EXCEPTION` text,
  PRIMARY KEY  (`UUID`)
) ENGINE=InnoDB DEFAULT CHARSET=utf8;

INSERT INTO `bt_tasksrunlog` VALUES ('09W4md-00ywl4-012kR8-0000hXf2H8#-001-vIE','00001','00001','00001','00001','00001','2009-01-13 16:10:31','2009-01-13 16:10:31','2009-01-13 16:10:52',NULL);
INSERT INTO `bt_tasksrunlog` VALUES ('09W4md-00ywl4-012kR8-0000hXf2MjP-002-pXd','00001','00002','00001','00001','00002','2009-01-13 16:10:52','2009-01-13 16:10:52','2009-01-13 16:10:55',NULL);
INSERT INTO `bt_tasksrunlog` VALUES ('09W4md-00ywl4-012kR8-0000hXf2MjP-003-JyK','00001','00003','00001','00001','00001','2009-01-13 16:10:52','2009-01-13 16:10:52','2009-01-13 16:11:13',NULL);
INSERT INTO `bt_tasksrunlog` VALUES ('09W4md-00ywl4-012kR8-0000hXf2Rvm-007-vYQ','00001','00004','00001','00001','00002','2009-01-13 16:11:13','2009-01-13 16:11:13','2009-01-13 16:11:16',NULL);
INSERT INTO `bt_tasksrunlog` VALUES ('@I41nb-00hqxT-00zRB4-0000hVNQ#0E-00f-TPu','test00005','0002600002','00001','00001','00002','2008-12-26 13:45:58','2008-12-26 13:46:01','2008-12-26 13:46:04',NULL);
INSERT INTO `bt_tasksrunlog` VALUES ('@I41nb-00hqxT-00zRB4-0000hVNQ#60-00h-SQk','test00005','0002600003','00001','00001','00001','2008-12-26 13:45:58','2008-12-26 13:46:01','2008-12-26 13:46:23',NULL);
INSERT INTO `bt_tasksrunlog` VALUES ('@I41nb-00hqxT-00zRB4-0000hVNQ#M@-007-aVk','test00002','0001800005','00001','00002','00001','2008-12-26 13:45:59','2008-12-26 13:46:04','2008-12-26 13:46:25',NULL);
INSERT INTO `bt_tasksrunlog` VALUES ('@I41nb-00hqxT-00zRB4-0000hVNQ@dD-00a-d#8','0000000001','0002700003','00001','00001','00001','2008-12-26 13:45:37','2008-12-26 13:45:58','2008-12-26 13:46:19',NULL);
INSERT INTO `bt_tasksrunlog` VALUES ('@I41nb-00hqxT-00zRB4-0000hVNQ@dn-009-oAo','0000000001','0002700002','00001','00001','00002','2008-12-26 13:45:37','2008-12-26 13:45:58','2008-12-26 13:46:01',NULL);
INSERT INTO `bt_tasksrunlog` VALUES ('@I41nb-00hqxT-00zRB4-0000hVNQ@lG-001-V1#','test00005','0002700002','00001','00001','00002','2008-12-26 13:45:58','2008-12-26 13:45:58','2008-12-26 13:46:01',NULL);
INSERT INTO `bt_tasksrunlog` VALUES ('@I41nb-00hqxT-00zRB4-0000hVNQ@lW-002-J9P','test00005','0002700003','00001','00001','00001','2008-12-26 13:45:58','2008-12-26 13:45:58','2008-12-26 13:46:19',NULL);
INSERT INTO `bt_tasksrunlog` VALUES ('@I41nb-00hqxT-00zRB4-0000hVNQ@Zd-00c-rlj','test00002','0001700001','00001','00001','00001','2008-12-26 13:45:58','2008-12-26 13:46:01','2008-12-26 13:46:22',NULL);
INSERT INTO `bt_tasksrunlog` VALUES ('@I41nb-00hqxT-00zRB4-0000hVNQPTL-00a-Ajd','0000000001','00025','00001','00005','00001','2008-12-26 13:44:50','2008-12-26 13:45:16','2008-12-26 13:45:37',NULL);
INSERT INTO `bt_tasksrunlog` VALUES ('@I41nb-00hqxT-00zRB4-0000hVNQPUK-00e-cRU','test00002','00013','00001','00003','00002','2008-12-26 13:44:50','2008-12-26 13:45:16','2008-12-26 13:45:19',NULL);
INSERT INTO `bt_tasksrunlog` VALUES ('@I41nb-00hqxT-00zRB4-0000hVNQPUu-00b-SGj','0000000001','0002700001','00001','00001','00001','2008-12-26 13:44:50','2008-12-26 13:45:16','2008-12-26 13:45:37',NULL);
INSERT INTO `bt_tasksrunlog` VALUES ('@I41nb-00hqxT-00zRB4-0000hVNQPUu-00c-MzY','0000000001','0002600001','00001','00001','00001','2008-12-26 13:44:50','2008-12-26 13:45:16','2008-12-26 13:45:37',NULL);
INSERT INTO `bt_tasksrunlog` VALUES ('@I41nb-00hqxT-00zRB4-0000hVNQPUu-00d-bCZ','test0000001','00001','00001','00001','00001','2008-12-26 13:44:50','2008-12-26 13:45:16','2008-12-26 13:45:37',NULL);
INSERT INTO `bt_tasksrunlog` VALUES ('@I41nb-00hqxT-00zRB4-0000hVNQPVd-00f-F#0','0000000002','FINALLY1','1','00006','00001','2008-12-26 13:44:50','2008-12-26 13:45:16','2008-12-26 13:45:37',NULL);
INSERT INTO `bt_tasksrunlog` VALUES ('@I41nb-00hqxT-00zRB4-0000hVNQQGN-00g-wSL','test00005','00025','00001','00005','00001','2008-12-26 13:44:50','2008-12-26 13:45:19','2008-12-26 13:45:40',NULL);
INSERT INTO `bt_tasksrunlog` VALUES ('@I41nb-00hqxT-00zRB4-0000hVNQV32-004-BR2','test00005','0002700001','00001','00001','00001','2008-12-26 13:44:50','2008-12-26 13:45:37','2008-12-26 13:45:58',NULL);
INSERT INTO `bt_tasksrunlog` VALUES ('@I41nb-00hqxT-00zRB4-0000hVNQV3y-005-E2m','test00005','0002600001','00001','00001','00001','2008-12-26 13:44:50','2008-12-26 13:45:37','2008-12-26 13:45:58',NULL);
INSERT INTO `bt_tasksrunlog` VALUES ('@I41nb-00hqxT-00zRB4-0000hVNQV5K-007-wZH','test00002','00014','00001','00003','00001','2008-12-26 13:45:19','2008-12-26 13:45:37','2008-12-26 13:45:58',NULL);
INSERT INTO `bt_tasksrunlog` VALUES ('@I41nb-00hqxT-00zRB4-0000hVNQV6J-00a-tpd','test00002','00015','00001','00003','00002','2008-12-26 13:45:19','2008-12-26 13:45:37','2008-12-26 13:45:40',NULL);
INSERT INTO `bt_tasksrunlog` VALUES ('@I41nb-00hqxT-00zRB4-0000hVNQV7c-00d-gIc','test00002','00016','00001','00003','00001','2008-12-26 13:45:19','2008-12-26 13:45:37','2008-12-26 13:45:58',NULL);
INSERT INTO `bt_tasksrunlog` VALUES ('@I41nb-00hqxT-00zRB4-0000hVNQVPT-008-xt7','0000000001','0002600002','00001','00001','00002','2008-12-26 13:45:37','2008-12-26 13:45:40','2008-12-26 13:45:43',NULL);
INSERT INTO `bt_tasksrunlog` VALUES ('@I41nb-00hqxT-00zRB4-0000hVNQVSP-00a-HVi','0000000001','0002600003','00001','00001','00001','2008-12-26 13:45:37','2008-12-26 13:45:40','2008-12-26 13:46:01',NULL);
INSERT INTO `bt_tasksrunlog` VALUES ('@I41nb-00hqxT-00zRB4-0000hVNQWzZ-00h-Pct','test0000001','00002','00001','00001','00002','2008-12-26 13:45:37','2008-12-26 13:45:43','2008-12-26 13:45:46',NULL);
INSERT INTO `bt_tasksrunlog` VALUES ('@I41nb-00hqxT-00zRB4-0000hVNQXmw-007-o39','test0000001','00003','00001','00001','00001','2008-12-26 13:45:37','2008-12-26 13:45:46','2008-12-26 13:46:07',NULL);
INSERT INTO `bt_tasksrunlog` VALUES ('@I41nb-00hqxT-00zRB4-0000hVNR0w6-00f-cCi','test00002','0001800006','00001','00002','00001','2008-12-26 13:45:59','2008-12-26 13:46:07','2008-12-26 13:46:28',NULL);
INSERT INTO `bt_tasksrunlog` VALUES ('@I41nb-00hqxT-00zRB4-0000hVNR3mJ-006-JWq','0000000001','0002600004','00001','00001','00002','2008-12-26 13:46:01','2008-12-26 13:46:19','2008-12-26 13:46:22',NULL);
INSERT INTO `bt_tasksrunlog` VALUES ('@I41nb-00hqxT-00zRB4-0000hVNR3uN-009-0xm','test0000001','00004','00001','00001','00002','2008-12-26 13:46:07','2008-12-26 13:46:19','2008-12-26 13:46:22',NULL);
INSERT INTO `bt_tasksrunlog` VALUES ('@I41nb-00hqxT-00zRB4-0000hVNR46A-000-@Ge','0000000001','0002700004','00001','00001','00002','2008-12-26 13:46:19','2008-12-26 13:46:22','2008-12-26 13:46:25',NULL);
INSERT INTO `bt_tasksrunlog` VALUES ('@I41nb-00hqxT-00zRB4-0000hVNR46P-001-MzT','test00005','0002700004','00001','00001','00002','2008-12-26 13:46:20','2008-12-26 13:46:22','2008-12-26 13:46:25',NULL);
INSERT INTO `bt_tasksrunlog` VALUES ('@I41nb-00hqxT-00zRB4-0000hVNR4eT-006-W5@','test00002','0001700002','00001','00001','00002','2008-12-26 13:46:22','2008-12-26 13:46:23','2008-12-26 13:46:26',NULL);
INSERT INTO `bt_tasksrunlog` VALUES ('@I41nb-00hqxT-00zRB4-0000hVNR4eT-007-ZKV','test00002','0001700003','00001','00001','00001','2008-12-26 13:46:22','2008-12-26 13:46:23','2008-12-26 13:46:44',NULL);
INSERT INTO `bt_tasksrunlog` VALUES ('@I41nb-00hqxT-00zRB4-0000hVNR4SG-000-or9','test00005','0002600004','00001','00001','00002','2008-12-26 13:46:23','2008-12-26 13:46:25','2008-12-26 13:46:28',NULL);
INSERT INTO `bt_tasksrunlog` VALUES ('@I41nb-00hqxT-00zRB4-0000hVNR4U7-002-ARk','0000000001','00028','00001','00005','00001','2008-12-26 13:46:25','2008-12-26 13:46:25','2008-12-26 13:46:46',NULL);
INSERT INTO `bt_tasksrunlog` VALUES ('@I41nb-00hqxT-00zRB4-0000hVNR51a-007-zTC','test00002','0001800007','00001','00002','00002','2008-12-26 13:46:26','2008-12-26 13:46:26','2008-12-26 13:46:29',NULL);
INSERT INTO `bt_tasksrunlog` VALUES ('@I41nb-00hqxT-00zRB4-0000hVNR53R-009-aKF','test00002','0001800008','00001','00002','00001','2008-12-26 13:46:26','2008-12-26 13:46:26','2008-12-26 13:46:47',NULL);
INSERT INTO `bt_tasksrunlog` VALUES ('@I41nb-00hqxT-00zRB4-0000hVNR5Df-000-RWS','test00005','00028','00001','00005','00001','2008-12-26 13:46:28','2008-12-26 13:46:28','2008-12-26 13:46:49',NULL);
INSERT INTO `bt_tasksrunlog` VALUES ('@I41nb-00hqxT-00zRB4-0000hVNR5M2-004-31G','test00002','0001800009','00001','00002','00002','2008-12-26 13:46:29','2008-12-26 13:46:29','2008-12-26 13:46:32',NULL);
INSERT INTO `bt_tasksrunlog` VALUES ('@I41nb-00hqxT-00zRB4-0000hVNR5OZ-006-0kB','test00002','0001800010','00001','00002','00001','2008-12-26 13:46:29','2008-12-26 13:46:29','2008-12-26 13:46:50',NULL);
INSERT INTO `bt_tasksrunlog` VALUES ('@I41nb-00hqxT-00zRB4-0000hVNR6z3-00f-R5i','test00002','0001800011','00001','00002','00002','2008-12-26 13:46:32','2008-12-26 13:46:32','2008-12-26 13:46:35',NULL);
INSERT INTO `bt_tasksrunlog` VALUES ('@I41nb-00hqxT-00zRB4-0000hVNR9rE-004-exJ','test00002','0001700004','00001','00001','00002','2008-12-26 13:46:44','2008-12-26 13:46:44','2008-12-26 13:46:47',NULL);
INSERT INTO `bt_tasksrunlog` VALUES ('@I41nb-00hqxT-00zRB4-0000hVNRa2X-00c-u0z','0000000001','0002900022','00001','00004','00002','2008-12-26 13:46:46','2008-12-26 13:46:46','2008-12-26 13:46:49',NULL);
INSERT INTO `bt_tasksrunlog` VALUES ('@I41nb-00hqxT-00zRB4-0000hVNRact-00g-nR3','test00002','00019','00001','00003','00002','2008-12-26 13:46:47','2008-12-26 13:46:47','2008-12-26 13:46:50',NULL);
INSERT INTO `bt_tasksrunlog` VALUES ('@I41nb-00hqxT-00zRB4-0000hVNRaf9-000-dfv','test00002','00020','00001','00003','00001','2008-12-26 13:46:47','2008-12-26 13:46:47','2008-12-26 13:47:08',NULL);
INSERT INTO `bt_tasksrunlog` VALUES ('@I41nb-00hqxT-00zRB4-0000hVNRaNP-008-i@C','test00005','0002900022','00001','00004','00002','2008-12-26 13:46:49','2008-12-26 13:46:49','2008-12-26 13:46:52',NULL);
INSERT INTO `bt_tasksrunlog` VALUES ('@I41nb-00hqxT-00zRB4-0000hVNRaVT-00b-W0W','0000000001','000290002300013','00001','00003','00002','2008-12-26 13:46:49','2008-12-26 13:46:50','2008-12-26 13:46:53',NULL);
INSERT INTO `bt_tasksrunlog` VALUES ('@I41nb-00hqxT-00zRB4-0000hVNRaYO-00e-0Io','test00002','0001800012','00001','00002','00001','2008-12-26 13:46:50','2008-12-26 13:46:50','2008-12-26 13:47:11',NULL);
INSERT INTO `bt_tasksrunlog` VALUES ('@I41nb-00hqxT-00zRB4-0000hVNRbAm-004-@71','test00005','000290002300013','00001','00003','00002','2008-12-26 13:46:53','2008-12-26 13:46:53','2008-12-26 13:46:56',NULL);
INSERT INTO `bt_tasksrunlog` VALUES ('@I41nb-00hqxT-00zRB4-0000hVNRbIV-009-5Ap','0000000001','000290002300014','00001','00003','00001','2008-12-26 13:46:53','2008-12-26 13:46:53','2008-12-26 13:47:14',NULL);
INSERT INTO `bt_tasksrunlog` VALUES ('@I41nb-00hqxT-00zRB4-0000hVNRBJc-00a-wAu','test00005','000290002300021','00001','00003','00002','2008-12-26 13:48:40','2008-12-26 13:48:40','2008-12-26 13:48:43',NULL);
INSERT INTO `bt_tasksrunlog` VALUES ('@I41nb-00hqxT-00zRB4-0000hVNRbQJ-00a-2#d','0000000001','000290002300015','00001','00003','00002','2008-12-26 13:46:53','2008-12-26 13:46:54','2008-12-26 13:46:57',NULL);
INSERT INTO `bt_tasksrunlog` VALUES ('@I41nb-00hqxT-00zRB4-0000hVNRbQJ-00b-P2Y','0000000001','000290002300016','00001','00003','00001','2008-12-26 13:46:53','2008-12-26 13:46:54','2008-12-26 13:47:15',NULL);
INSERT INTO `bt_tasksrunlog` VALUES ('@I41nb-00hqxT-00zRB4-0000hVNRcB2-006-w6W','test00005','000290002300015','00001','00003','00002','2008-12-26 13:46:56','2008-12-26 13:46:57','2008-12-26 13:47:00',NULL);
INSERT INTO `bt_tasksrunlog` VALUES ('@I41nb-00hqxT-00zRB4-0000hVNRclG-004-JJh','test00005','000290002300014','00001','00003','00001','2008-12-26 13:46:56','2008-12-26 13:46:56','2008-12-26 13:47:17',NULL);
INSERT INTO `bt_tasksrunlog` VALUES ('@I41nb-00hqxT-00zRB4-0000hVNRCuw-00f-nV9','test00005','0002900024','00001','00004','00002','2008-12-26 13:48:43','2008-12-26 13:48:43','2008-12-26 13:48:46',NULL);
INSERT INTO `bt_tasksrunlog` VALUES ('@I41nb-00hqxT-00zRB4-0000hVNRDfl-002-jqr','test00005','FINALLY1','1','00005','00001','2008-12-26 13:48:46','2008-12-26 13:48:46','2008-12-26 13:49:07',NULL);
INSERT INTO `bt_tasksrunlog` VALUES ('@I41nb-00hqxT-00zRB4-0000hVNRdl8-00d-B@t','test00005','000290002300016','00001','00003','00001','2008-12-26 13:46:56','2008-12-26 13:47:00','2008-12-26 13:47:21',NULL);
INSERT INTO `bt_tasksrunlog` VALUES ('@I41nb-00hqxT-00zRB4-0000hVNREEt-009-maC','0000000001','FINALLY2','1','00005','00001','2008-12-26 13:48:52','2008-12-26 13:48:52','2008-12-26 13:49:13',NULL);
INSERT INTO `bt_tasksrunlog` VALUES ('@I41nb-00hqxT-00zRB4-0000hVNRg9P-005-VW9','test00002','00021','00001','00003','00002','2008-12-26 13:47:11','2008-12-26 13:47:11','2008-12-26 13:47:14',NULL);
INSERT INTO `bt_tasksrunlog` VALUES ('@I41nb-00hqxT-00zRB4-0000hVNRgWo-00e-TZa','0000000001','00029000230001700001','00001','00001','00001','2008-12-26 13:47:14','2008-12-26 13:47:14','2008-12-26 13:47:36',NULL);
INSERT INTO `bt_tasksrunlog` VALUES ('@I41nb-00hqxT-00zRB4-0000hVNRgYR-00g-#oG','test00002','FINALLY1','1','00003','00001','2008-12-26 13:47:15','2008-12-26 13:47:15','2008-12-26 13:47:36',NULL);
INSERT INTO `bt_tasksrunlog` VALUES ('@I41nb-00hqxT-00zRB4-0000hVNRh4U-002-nLL','0000000001','00029000230001800005','00001','00002','00001','2008-12-26 13:47:15','2008-12-26 13:47:15','2008-12-26 13:47:36',NULL);
INSERT INTO `bt_tasksrunlog` VALUES ('@I41nb-00hqxT-00zRB4-0000hVNRh7Q-003-0QA','0000000001','00029000230001800006','00001','00002','00001','2008-12-26 13:47:15','2008-12-26 13:47:15','2008-12-26 13:47:36',NULL);
INSERT INTO `bt_tasksrunlog` VALUES ('@I41nb-00hqxT-00zRB4-0000hVNRhyG-00b-Hq6','test00005','00029000230001700001','00001','00001','00001','2008-12-26 13:47:17','2008-12-26 13:47:17','2008-12-26 13:47:38',NULL);
INSERT INTO `bt_tasksrunlog` VALUES ('@I41nb-00hqxT-00zRB4-0000hVNRIqU-004-Isw','test00005','FINALLY2','1','00005','00001','2008-12-26 13:49:07','2008-12-26 13:49:07','2008-12-26 13:49:28',NULL);
INSERT INTO `bt_tasksrunlog` VALUES ('@I41nb-00hqxT-00zRB4-0000hVNRizD-003-128','test00005','00029000230001800005','00001','00002','00001','2008-12-26 13:47:21','2008-12-26 13:47:21','2008-12-26 13:47:42',NULL);
INSERT INTO `bt_tasksrunlog` VALUES ('@I41nb-00hqxT-00zRB4-0000hVNRm4e-00b-N54','test00005','00029000230001800006','00001','00002','00001','2008-12-26 13:47:21','2008-12-26 13:47:36','2008-12-26 13:47:57',NULL);
INSERT INTO `bt_tasksrunlog` VALUES ('@I41nb-00hqxT-00zRB4-0000hVNRm6b-00e-m4C','0000000001','00029000230001700002','00001','00001','00002','2008-12-26 13:47:36','2008-12-26 13:47:36','2008-12-26 13:47:39',NULL);
INSERT INTO `bt_tasksrunlog` VALUES ('@I41nb-00hqxT-00zRB4-0000hVNRmd#-004-#cz','0000000001','00029000230001700003','00001','00001','00001','2008-12-26 13:47:36','2008-12-26 13:47:36','2008-12-26 13:47:57',NULL);
INSERT INTO `bt_tasksrunlog` VALUES ('@I41nb-00hqxT-00zRB4-0000hVNRmgW-008-Ra0','0000000001','00029000230001800007','00001','00002','00002','2008-12-26 13:47:36','2008-12-26 13:47:36','2008-12-26 13:47:39',NULL);
INSERT INTO `bt_tasksrunlog` VALUES ('@I41nb-00hqxT-00zRB4-0000hVNRmHN-00c-Lnd','0000000001','00029000230001800008','00001','00002','00001','2008-12-26 13:47:36','2008-12-26 13:47:38','2008-12-26 13:47:59',NULL);
INSERT INTO `bt_tasksrunlog` VALUES ('@I41nb-00hqxT-00zRB4-0000hVNRmSh-00h-K9q','0000000001','00029000230001800009','00001','00002','00002','2008-12-26 13:47:36','2008-12-26 13:47:39','2008-12-26 13:47:42',NULL);
INSERT INTO `bt_tasksrunlog` VALUES ('@I41nb-00hqxT-00zRB4-0000hVNRn10-007-UKJ','0000000001','00029000230001800010','00001','00002','00001','2008-12-26 13:47:36','2008-12-26 13:47:39','2008-12-26 13:48:01',NULL);
INSERT INTO `bt_tasksrunlog` VALUES ('@I41nb-00hqxT-00zRB4-0000hVNRnCS-008-hCc','test00005','00029000230001700002','00001','00001','00002','2008-12-26 13:47:38','2008-12-26 13:47:42','2008-12-26 13:47:45',NULL);
INSERT INTO `bt_tasksrunlog` VALUES ('@I41nb-00hqxT-00zRB4-0000hVNRnIu-00h-ON#','test00005','00029000230001700003','00001','00001','00001','2008-12-26 13:47:38','2008-12-26 13:47:42','2008-12-26 13:48:03',NULL);
INSERT INTO `bt_tasksrunlog` VALUES ('@I41nb-00hqxT-00zRB4-0000hVNRomY-003-YwW','0000000001','00029000230001800011','00001','00002','00002','2008-12-26 13:47:42','2008-12-26 13:47:45','2008-12-26 13:47:48',NULL);
INSERT INTO `bt_tasksrunlog` VALUES ('@I41nb-00hqxT-00zRB4-0000hVNRp6P-00b-G5@','test00005','00029000230001800007','00001','00002','00002','2008-12-26 13:47:43','2008-12-26 13:47:48','2008-12-26 13:47:51',NULL);
INSERT INTO `bt_tasksrunlog` VALUES ('@I41nb-00hqxT-00zRB4-0000hVNRpSF-001-sKW','test00005','00029000230001800008','00001','00002','00001','2008-12-26 13:47:43','2008-12-26 13:47:51','2008-12-26 13:48:12',NULL);
INSERT INTO `bt_tasksrunlog` VALUES ('@I41nb-00hqxT-00zRB4-0000hVNRris-000-DD7','test00005','00029000230001800009','00001','00002','00002','2008-12-26 13:47:57','2008-12-26 13:47:57','2008-12-26 13:48:00',NULL);
INSERT INTO `bt_tasksrunlog` VALUES ('@I41nb-00hqxT-00zRB4-0000hVNRrnA-002-Mi0','test00005','00029000230001800010','00001','00002','00001','2008-12-26 13:47:57','2008-12-26 13:47:57','2008-12-26 13:48:18',NULL);
INSERT INTO `bt_tasksrunlog` VALUES ('@I41nb-00hqxT-00zRB4-0000hVNRrRS-00a-QH3','0000000001','00029000230001700004','00001','00001','00002','2008-12-26 13:47:57','2008-12-26 13:47:59','2008-12-26 13:48:02',NULL);
INSERT INTO `bt_tasksrunlog` VALUES ('@I41nb-00hqxT-00zRB4-0000hVNRs3h-00e-4x4','test00005','00029000230001800011','00001','00002','00002','2008-12-26 13:48:00','2008-12-26 13:48:00','2008-12-26 13:48:03',NULL);
INSERT INTO `bt_tasksrunlog` VALUES ('@I41nb-00hqxT-00zRB4-0000hVNRsb5-00h-S@i','0000000001','00029000230001800012','00001','00002','00001','2008-12-26 13:48:01','2008-12-26 13:48:01','2008-12-26 13:48:22',NULL);
INSERT INTO `bt_tasksrunlog` VALUES ('@I41nb-00hqxT-00zRB4-0000hVNRsCX-009-Yi6','0000000001','000290002300019','00001','00003','00002','2008-12-26 13:48:02','2008-12-26 13:48:02','2008-12-26 13:48:05',NULL);
INSERT INTO `bt_tasksrunlog` VALUES ('@I41nb-00hqxT-00zRB4-0000hVNRsPn-00a-q7@','0000000001','000290002300020','00001','00003','00001','2008-12-26 13:48:02','2008-12-26 13:48:03','2008-12-26 13:48:24',NULL);
INSERT INTO `bt_tasksrunlog` VALUES ('@I41nb-00hqxT-00zRB4-0000hVNRsSO-00e-E5q','test00005','00029000230001700004','00001','00001','00002','2008-12-26 13:48:03','2008-12-26 13:48:03','2008-12-26 13:48:06',NULL);
INSERT INTO `bt_tasksrunlog` VALUES ('@I41nb-00hqxT-00zRB4-0000hVNRtE6-007-deN','test00005','000290002300019','00001','00003','00002','2008-12-26 13:48:07','2008-12-26 13:48:07','2008-12-26 13:48:10',NULL);
INSERT INTO `bt_tasksrunlog` VALUES ('@I41nb-00hqxT-00zRB4-0000hVNRtHN-008-CX#','test00005','000290002300020','00001','00003','00001','2008-12-26 13:48:07','2008-12-26 13:48:07','2008-12-26 13:48:28',NULL);
INSERT INTO `bt_tasksrunlog` VALUES ('@I41nb-00hqxT-00zRB4-0000hVNRwzn-00e-@qP','test00005','00029000230001800012','00001','00002','00001','2008-12-26 13:48:18','2008-12-26 13:48:19','2008-12-26 13:48:40',NULL);
INSERT INTO `bt_tasksrunlog` VALUES ('@I41nb-00hqxT-00zRB4-0000hVNRxZd-007-LVd','0000000001','000290002300021','00001','00003','00002','2008-12-26 13:48:24','2008-12-26 13:48:24','2008-12-26 13:48:27',NULL);
INSERT INTO `bt_tasksrunlog` VALUES ('@I41nb-00hqxT-00zRB4-0000hVNRyK2-00d-#sY','0000000001','0002900024','00001','00004','00002','2008-12-26 13:48:27','2008-12-26 13:48:27','2008-12-26 13:48:30',NULL);
INSERT INTO `bt_tasksrunlog` VALUES ('@I41nb-00hqxT-00zRB4-0000hVNRzuD-001-q8j','0000000001','FINALLY1','1','00005','00001','2008-12-26 13:48:31','2008-12-26 13:48:31','2008-12-26 13:48:52',NULL);

CREATE TABLE `bt_treenodemaprela` (
  `RELAID` char(5) NOT NULL,
  `NODEMAPID` char(5) NOT NULL,
  `PARENTIDS` char(200) default NULL,
  `TYPE` int(1) NOT NULL default '0',
  `SOURCEID` char(5) character set latin1 NOT NULL,
  `DESCRIPTION` char(255) default NULL,
  PRIMARY KEY  (`RELAID`)
) ENGINE=InnoDB DEFAULT CHARSET=utf8;

INSERT INTO `bt_treenodemaprela` VALUES ('00001','00001',NULL,0,'00001',NULL);
INSERT INTO `bt_treenodemaprela` VALUES ('00002','00001','00001',0,'00002',NULL);
INSERT INTO `bt_treenodemaprela` VALUES ('00003','00001','00001',0,'00001',NULL);
INSERT INTO `bt_treenodemaprela` VALUES ('00004','00001','00002,00003',0,'00002',NULL);
INSERT INTO `bt_treenodemaprela` VALUES ('00005','00002',NULL,0,'00001',NULL);
INSERT INTO `bt_treenodemaprela` VALUES ('00006','00002',NULL,0,'00001',NULL);
INSERT INTO `bt_treenodemaprela` VALUES ('00007','00002','00005',0,'00002',NULL);
INSERT INTO `bt_treenodemaprela` VALUES ('00008','00002','00005',0,'00001',NULL);
INSERT INTO `bt_treenodemaprela` VALUES ('00009','00002','00006',0,'00002',NULL);
INSERT INTO `bt_treenodemaprela` VALUES ('00010','00002','00006',0,'00001',NULL);
INSERT INTO `bt_treenodemaprela` VALUES ('00011','00002','00007,00009',0,'00002',NULL);
INSERT INTO `bt_treenodemaprela` VALUES ('00012','00002','00008,00010',0,'00001',NULL);
INSERT INTO `bt_treenodemaprela` VALUES ('00013','00003',NULL,0,'00002',NULL);
INSERT INTO `bt_treenodemaprela` VALUES ('00014','00003','00013',0,'00001',NULL);
INSERT INTO `bt_treenodemaprela` VALUES ('00015','00003','00013',0,'00002',NULL);
INSERT INTO `bt_treenodemaprela` VALUES ('00016','00003','00013',0,'00001',NULL);
INSERT INTO `bt_treenodemaprela` VALUES ('00017','00003','00014,00015',1,'00001',NULL);
INSERT INTO `bt_treenodemaprela` VALUES ('00018','00003','00015,00016',1,'00002',NULL);
INSERT INTO `bt_treenodemaprela` VALUES ('00019','00003','00017',0,'00002',NULL);
INSERT INTO `bt_treenodemaprela` VALUES ('00020','00003','00017',0,'00001',NULL);
INSERT INTO `bt_treenodemaprela` VALUES ('00021','00003','00020,00018',0,'00002',NULL);
INSERT INTO `bt_treenodemaprela` VALUES ('00022','00004',NULL,0,'00002',NULL);
INSERT INTO `bt_treenodemaprela` VALUES ('00023','00004','00022',1,'00003',NULL);
INSERT INTO `bt_treenodemaprela` VALUES ('00024','00004','00023',0,'00002',NULL);
INSERT INTO `bt_treenodemaprela` VALUES ('00025','00005',NULL,0,'00001',NULL);
INSERT INTO `bt_treenodemaprela` VALUES ('00026','00005',NULL,1,'00001',NULL);
INSERT INTO `bt_treenodemaprela` VALUES ('00027','00005',NULL,1,'00001',NULL);
INSERT INTO `bt_treenodemaprela` VALUES ('00028','00005','00026,00027',0,'00001',NULL);
INSERT INTO `bt_treenodemaprela` VALUES ('00029','00005','00028',1,'00004',NULL);

/*!40101 SET CHARACTER_SET_CLIENT=@OLD_CHARACTER_SET_CLIENT */;
/*!40101 SET CHARACTER_SET_RESULTS=@OLD_CHARACTER_SET_RESULTS */;
/*!40101 SET COLLATION_CONNECTION=@OLD_COLLATION_CONNECTION */;
/*!40103 SET TIME_ZONE=@OLD_TIME_ZONE */;
/*!40101 SET SQL_MODE=@OLD_SQL_MODE */;
/*!40111 SET SQL_NOTES=@OLD_SQL_NOTES */;
